目录,引擎ID,引擎,分数,置信度,已确认,备注
D:/ero\AidealRays_Extra_v1.1,unity,Unity,155,高置信,是,aldealrays_data/ 目录（Unity 数据目录）; UnityPlayer.dll 运行时; GameAssembly.dll（IL2CPP 版）
D:/ero\Cheat Engine 7.3,love2d,LÖVE（Love2D）,45,疑似（证据不足）,否,根目录 main.lua; *.lua（31 个，如 addtonewgroup.lua）
D:/ero\Dusk City,unity,Unity,155,高置信,是,dusk city_data/ 目录（Unity 数据目录）; UnityPlayer.dll 运行时; GameAssembly.dll（IL2CPP 版）
D:/ero\Inari,unity,Unity,155,高置信,是,inari_data/ 目录（Unity 数据目录）; UnityPlayer.dll 运行时; Managed/Assembly-CSharp.dll（Mono 版）
D:/ero\MiraisMidnightStream,unity,Unity,155,高置信,是,miraismidnightstream_data/ 目录（Unity 数据目录）; UnityPlayer.dll 运行时; Managed/Assembly-CSharp.dll（Mono 版）
D:/ero\NTRaholic 5.1.20s,unity,Unity,155,高置信,是,ntraholic_data/ 目录（Unity 数据目录）; UnityPlayer.dll 运行时; Managed/Assembly-CSharp.dll（Mono 版）
D:/ero\OPPAI Succubus Academy Sucky and Busty Demonic and Lusty,kirikiri,KiriKiri / KAG,70,已确认,是,20 个 .xp3 封包
D:/ero\OpenSpeedy-v1.7.6,generic,未知引擎（兜底）,0,未识别,否,未匹配到任何已收录的引擎特征
D:/ero\PC 美少女万华鏡 -理と迷宮の少女-  汉化\美少女万华镜 -理与迷宫的少女-,bgi_ethornell,Ethornell / BGI（Buriko）,30,疑似（证据不足）,否,GameData/ 目录
D:/ero\PC 美少女万华鏡 -理と迷宮の少女-  汉化\补丁备份,generic,未知引擎（兜底）,0,未识别,否,未匹配到任何已收录的引擎特征
D:/ero\PC 美少女万華鏡 -忘れな草と永遠の少女- 汉化\[120727][ωstar] 美少女万華鏡 -忘れな草と永遠の少女 (无码),bgi_ethornell,Ethornell / BGI（Buriko）,150,高置信,是,エンジン設定.exe; bregexp.dll; GameData/ 目录
D:/ero\PC 美少女万華鏡 -神が造りたもうた少女たち- 汉化,bgi_ethornell,Ethornell / BGI（Buriko）,150,高置信,是,エンジン設定.exe; bregexp.dll; GameData/ 目录
D:/ero\PC 美少女万華鏡 -罪と罰の少女ー 汉化\MEI4,bgi_ethornell,Ethornell / BGI（Buriko）,90,高置信,是,エンジン設定.exe; GameData/ 目录
D:/ero\PC 美少女万華鏡 ー呪われし伝説の少女ー 汉化\[111229][ωstar] 美少女万華鏡 -呪われし伝説の少女 (无码),artemis,Artemis Engine,70,已确认,是,1 个 .pfs 封包（如 root.pfs）
D:/ero\PUBPET,unity,Unity,155,高置信,是,pubpets_data/ 目录（Unity 数据目录）; UnityPlayer.dll 运行时; Managed/Assembly-CSharp.dll（Mono 版）
D:/ero\ROLEPLAYER  ver2.0,kirikiri,KiriKiri / KAG,70,已确认,是,16 个 .xp3 封包
"D:/ero\Ride Me, Taxi Driver - Premium Bundle",unity,Unity,155,高置信,是,veterandriver_data/ 目录（Unity 数据目录）; UnityPlayer.dll 运行时; Managed/Assembly-CSharp.dll（Mono 版）
D:/ero\SummerClover,unity,Unity,155,高置信,是,summerclover_data/ 目录（Unity 数据目录）; UnityPlayer.dll 运行时; Managed/Assembly-CSharp.dll（Mono 版）
D:/ero\THE CENSOR,unity,Unity,155,高置信,是,thecensor_data/ 目录（Unity 数据目录）; UnityPlayer.dll 运行时; Managed/Assembly-CSharp.dll（Mono 版）
D:/ero\Yakuzarogue,unity,Unity,155,高置信,是,yakuzarogue_data/ 目录（Unity 数据目录）; UnityPlayer.dll 运行时; GameAssembly.dll（IL2CPP 版）
"D:/ero\[230526] [フロントウイング] OPPAI Ero App Academy Bigger, Better, Electric Boobaloo！_2",kirikiri,KiriKiri / KAG,70,已确认,是,13 个 .xp3 封包
D:/ero\ntrlegend原版,unity,Unity,155,高置信,是,ntr legend_data/ 目录（Unity 数据目录）; UnityPlayer.dll 运行时; Managed/Assembly-CSharp.dll（Mono 版）
D:/ero\ntrlegend重置版\NTR Legend,unity,Unity,155,高置信,是,ntr_data/ 目录（Unity 数据目录）; UnityPlayer.dll 运行时; Managed/Assembly-CSharp.dll（Mono 版）
D:/ero\sinSister,unity,Unity,155,高置信,是,sinisistar2_data/ 目录（Unity 数据目录）; UnityPlayer.dll 运行时; GameAssembly.dll（IL2CPP 版）
D:/ero\yanyun_maid\もっと！孕ませ！炎のおっぱい異世界おっぱいメイド学園！,kirikiri,KiriKiri / KAG,70,已确认,是,12 个 .xp3 封包
D:/ero\おっぱいスパイ学園yanyunSPY,kirikiri,KiriKiri / KAG,70,已确认,是,10 个 .xp3 封包
D:/ero\アマカノ3,artemis,Artemis Engine,70,已确认,是,1 个 .pfs 封包（如 Amakano3.pfs）
D:/ero\セヴンデイズ 見知らぬJKと密室生活,rpgmaker_mv,RPG Maker MV / MZ,100,高置信,是,data/Actors.json 游戏数据; 1600 个 MV/MZ 加密素材; js/ 脚本目录
D:/ero\ライムライト・レモネードジャム,kirikiri,KiriKiri / KAG,70,已确认,是,13 个 .xp3 封包
D:/ero\人妻,unity,Unity,155,高置信,是,kinjo no hitozuma_data/ 目录（Unity 数据目录）; UnityPlayer.dll 运行时; Managed/Assembly-CSharp.dll（Mono 版）
D:/ero\冬日狂想曲\冬日,rpgmaker_mv,RPG Maker MV / MZ,100,高置信,是,data/Actors.json 游戏数据; 69249 个 MV/MZ 加密素材; js/ 脚本目录
D:/ero\囚われのリリ,godot,Godot,70,已确认,是,1 个 .pck 封包（如 Captive_Lili.pck）
D:/ero\妖狐的深夜特训 未来篇,unity,Unity,155,高置信,是,mirai'smidnighttraining_data/ 目录（Unity 数据目录）; UnityPlayer.dll 运行时; Managed/Assembly-CSharp.dll（Mono 版）
D:/ero\小粥姉妹の粘膜ポトレ ぐりぐちゃLIVE！,kirikiri,KiriKiri / KAG,70,已确认,是,17 个 .xp3 封包
D:/ero\影色渐染~阿斯林顿的妹神官,rpgmaker_mv,RPG Maker MV / MZ,100,高置信,是,data/Actors.json 游戏数据; 8388 个 MV/MZ 加密素材; js/ 脚本目录
D:/ero\清洁工传奇,unreal,Unreal Engine,90,高置信,是,根目录 engine/; Binaries/ 目录; Content/ 目录
D:/ero\游戏一键汉化工具,rpgmaker_rgss,RPG Maker XP / VX / VX Ace,10,未识别,否,Audio/ 目录
D:/ero\炎孕5 异世界欧派兔女郎学园,kirikiri,KiriKiri / KAG,70,已确认,是,14 个 .xp3 封包
